Timestamp,Review,Sentiment
2025-07-19 22:53:28,"The bed was incredibly uncomfortable and I woke up with a sore back. The bathroom was also quite cramped.  While the breakfast was good, it didn't make up for the poor quality of the room.",0
2025-07-19 22:53:28,This hotel exceeded my expectations!  The staff went above and beyond to make our stay memorable. The amenities were great and the location was perfect for exploring the city.  Highly recommend!,1
2025-07-19 22:53:28,"Great value for the money! The hotel was clean and comfortable, and the staff was very polite and efficient.  The location was a little bit out of the way, but it was still easy to get to the main attractions using public transportation.",1
2025-07-19 22:53:28,"Check-in was a breeze and the room was spotless.  However, the noise level was excessive.  We could hear everything from the hallway and even other rooms.  It made it difficult to sleep.",0
2025-07-19 22:53:28,Loved this hotel!  The rooftop bar had amazing views and the cocktails were fantastic.  The pool area was also very relaxing.  The only downside was the somewhat slow service in the restaurant.,1
2025-07-19 22:53:28,"The staff were incredibly friendly and helpful throughout our stay.  The rooms were clean and well-maintained, although a bit small. Breakfast was delicious!  Would definitely recommend this hotel for its great location and service.",1
2025-07-19 22:53:28,"unique, great stay, wonderful time hotel monaco, location excellent short stroll main downtown shopping area, pet friendly room showed no signs animal hair smells, monaco suite sleeping area big striped curtains pulled closed nice touch felt cosy, goldfish named brandi enjoyed, did n't partake free wine coffee/tea service lobby thought great feature, great staff friendly, free wireless internet hotel worked suite 2 laptops, decor lovely eclectic mix pattens color palatte, animal print bathrobes feel like rock stars, nice did n't look like sterile chain hotel hotel personality excellent stay",1
2025-07-19 22:53:28,"nice hotel expensive parking got good deal stay hotel anniversary, arrived late evening took advice previous reviews did valet parking, check quick easy, little disappointed non-existent view room room clean nice size, bed comfortable woke stiff neck high pillows, not soundproof like heard music room night morning loud bangs doors opening closing hear people talking hallway, maybe just noisy neighbors, aveda bath products nice, did not goldfish stay nice touch taken advantage staying longer, location great walking distance shopping, overall nice experience having pay 40 parking night",1
2025-07-19 22:53:28,"Disappointing experience. The air conditioning didn't work properly, making the room uncomfortably warm.  The Wi-Fi was also very unreliable.  The location was convenient, but that's about the only positive thing I can say.",0
2025-07-19 22:53:28,"ok nothing special charge diamond member hilton decided chain shot 20th anniversary seattle, start booked suite paid extra website description not, suite bedroom bathroom standard hotel room, took printed reservation desk showed said things like tv couch ect desk clerk told oh mixed suites description kimpton website sorry free breakfast, got kidding, embassy suits sitting room bathroom bedroom unlike kimpton calls suite, 5 day stay offer correct false advertising",0
2025-07-19 23:05:02,"I wouldn't recommend this hotel. While the location was convenient, the room was small and poorly maintained. The staff weren't particularly helpful, and the noise level was unbearable at night. The breakfast was subpar.",0
2025-07-19 23:05:02,"The hotel was fantastic! The staff were incredibly friendly and helpful, always going the extra mile to ensure our stay was enjoyable. The rooms were clean, modern, and well-equipped, and the location was perfect for exploring the city.  Breakfast was a highlight - a delicious buffet with a wide variety of options.",1
2025-07-19 23:05:02,"I had a wonderful stay at this hotel. The location was ideal, within easy walking distance of many attractions. The room was comfortable and clean, although a bit small. The staff were friendly and efficient, and the breakfast was delicious. I would definitely recommend this hotel to others.",1
2025-07-19 23:05:02,"This hotel was a great value for the price. The rooms were clean and comfortable, and the staff were friendly and helpful. The location was a bit far from the city center, but it was easy to get around using public transportation. Overall, I had a pleasant stay.",1
2025-07-19 23:05:02,"The hotel was okay, but nothing special. The room was clean and comfortable, but it was quite small. The staff were friendly, but not particularly helpful. The breakfast was average. The location was convenient, but the area was a bit noisy at night.",0
2025-07-19 23:05:02,"I was very disappointed with this hotel. The room was dirty and poorly maintained, and the staff were rude and unhelpful. The breakfast was terrible, and the location was inconvenient. I would not recommend this hotel to anyone.",0
2025-07-19 23:05:02,"This hotel exceeded my expectations!  The rooms were beautifully decorated and well-appointed, the staff were friendly and efficient, and the breakfast was outstanding.  The location was perfect, within walking distance of many attractions. I would definitely recommend this hotel to anyone looking for a luxurious stay.",1
2025-07-19 23:05:02,"Overall, a decent stay. The hotel is in a good location and the rooms were clean. However, the service could be improved. The staff were not very attentive, and the breakfast buffet was a little underwhelming.",0
2025-07-19 23:05:02,"This hotel was a pleasant surprise! I wasn't expecting much for the price, but the room was spacious and clean, and the staff were incredibly welcoming. The breakfast was surprisingly good, and the location was very convenient for exploring the city.",1
2025-07-19 23:05:02,"I had a mixed experience at this hotel. The room was clean and comfortable, and the location was great, but the staff were somewhat unfriendly and unhelpful. The breakfast was adequate, but not particularly memorable.",0
2025-07-19 23:11:12,"The hotel itself was okay, nothing special. The room was clean and functional, but lacked any character or charm. The location was a bit inconvenient, quite far from the main attractions and requiring a long taxi ride or a difficult bus journey.  The breakfast was very basic and lacked variety. Overall, an average experience.",0
2025-07-19 23:11:12,"This hotel was a huge disappointment.  The room was cramped and dirty, with stained carpets and a musty smell. The bathroom was poorly maintained, with a leaky faucet and a broken showerhead. The service was terrible, the staff were unhelpful and unfriendly, and our requests were ignored. We would not recommend this hotel to anyone.",0
2025-07-19 23:11:12,"We had a wonderful stay at this hotel.  The staff were incredibly welcoming and accommodating. The room was spacious and well-appointed, with a comfortable bed and a modern bathroom. The hotel amenities were excellent, including a lovely pool and a well-equipped gym. The breakfast buffet was extensive and delicious. A truly memorable experience!",1
2025-07-19 23:11:12,"From start to finish, this hotel exceeded our expectations.  The check-in process was smooth and efficient, the staff were friendly and professional, and our room was beautifully decorated and impeccably clean. The hotel amenities were first-rate, and the location was perfect for exploring the city. We highly recommend this hotel!",1
2025-07-19 23:11:12,"The hotel was in a great location, close to the beach and local restaurants.  The staff were friendly and helpful, always willing to assist with any queries. Our room was clean and comfortable, although a little small. Breakfast was good, with a decent selection of options. Would definitely stay here again.",1
2025-07-19 23:11:12,"This is a great hotel for business travelers.  The rooms are well-equipped with modern amenities, including high-speed internet and a large workspace. The hotel location is very convenient, close to the business district and major transportation links. The staff were efficient and professional. The breakfast was good, with plenty of options for a quick and healthy start to the day.",1
2025-07-19 23:11:12,"The hotel was adequate for a short stay, but nothing special. The room was clean but a bit dated. The location was okay, but not ideal, requiring a taxi or bus to get to the main attractions. The service was efficient but impersonal.  Overall, it was a decent hotel but not a memorable one.",0
2025-07-19 23:11:12,"I wouldn't stay here again. The noise level was unacceptable, with constant noise from the street and other guests. The room was poorly soundproofed and we were kept awake most of the night. The air conditioning didn't work properly, and the room was uncomfortably warm. The breakfast was disappointing and the staff were unhelpful and seemed overwhelmed.",0
2025-07-19 23:11:12,"We were very disappointed with our stay. The hotel was overpriced for what it offered. The room was small and cramped, and the furniture was old and worn. The bathroom was dirty and poorly maintained. The service was slow and inefficient, and our requests were not met promptly. We would not recommend this hotel.",0
2025-07-19 23:11:12,"We loved our stay at this charming boutique hotel.  The staff were exceptionally friendly and helpful, going above and beyond to make our stay comfortable.  The rooms were beautifully decorated, with stylish furnishings and comfortable beds. The hotel was in a great location, within easy walking distance of many attractions. We highly recommend this hotel.",1
2025-07-19 23:11:52,"We loved our stay at the Mountain View Lodge! The views from our room were breathtaking, and the surrounding area was perfect for hiking and exploring. The staff were friendly and knowledgeable, providing excellent recommendations for local activities. The rooms were cozy and well-equipped, and the breakfast was delicious. We would definitely recommend this hotel to anyone looking for a peaceful getaway.",1
2025-07-19 23:11:52,"Our stay at the Grand Hotel Majestic was simply unforgettable. The staff were incredibly friendly and helpful, always going the extra mile to ensure our comfort. The rooms were spacious, impeccably clean, and beautifully decorated. The breakfast buffet was a highlight, offering a wide variety of delicious options. The hotel's location was perfect, within walking distance of major attractions and public transportation. We highly recommend this hotel!",1
2025-07-19 23:11:52,"The hotel was in a great location, close to restaurants and shops. However, the room was quite small and cramped, and the bathroom was outdated and in need of repair. The service was inconsistent, with some staff members being friendly and helpful, while others were indifferent or rude. The Wi-Fi was unreliable, and the breakfast was subpar.",0
2025-07-19 23:11:52,"This hotel was a major disappointment. The rooms were outdated, dirty, and poorly maintained. The air conditioning didn't work properly, and there was a persistent musty smell. The staff were unhelpful and unfriendly, and the service was incredibly slow. The breakfast was awful, and the overall experience was far below our expectations.",0
2025-07-19 23:11:52,"We had a wonderful time at the Seabreeze Resort! The beach was stunning, and the hotel provided easy access to watersports and other activities. The rooms were comfortable and clean, with beautiful ocean views. The staff were very attentive and always ready to assist. The only downside was the price of food and drinks at the hotel's restaurant and bar, which were significantly higher than those at nearby establishments.",1
2025-07-19 23:11:52,"From the moment we arrived, we were impressed by the exceptional service at the City Center Inn. The staff were professional, courteous, and always ready to assist. The rooms were modern, stylish, and well-appointed. The hotel amenities were top-notch, and the location was unbeatable. We would highly recommend this hotel to anyone visiting the city.",1
2025-07-19 23:11:52,"We had a terrible experience at this hotel. The room was dirty and smelled bad. There were stains on the carpet, and the bathroom was not clean. The staff were unhelpful and didn't seem to care about our complaints. The breakfast was inedible, and we ended up eating elsewhere. We would not recommend this hotel to anyone.",0
2025-07-19 23:11:52,"Overall, our stay was pleasant. The hotel was clean and comfortable, and the staff were friendly and helpful. The location was convenient, and the breakfast was decent. However, the Wi-Fi was unreliable, and the noise level was a bit high at night. We would likely stay here again.",1
2025-07-19 23:11:52,"The hotel was exactly as advertised, offering a comfortable and convenient stay. The rooms were clean and well-maintained, and the staff were efficient and professional. The breakfast was a good start to the day. Our only minor complaint was the lack of a swimming pool, but overall, we were very satisfied with our stay and would recommend it to others.",1
2025-07-19 23:11:52,"The location of this hotel was the only positive aspect. It was conveniently located near the city center, making it easy to explore the local attractions. However, the hotel itself was poorly maintained and in need of renovation. The rooms were small and lacked essential amenities. The noise level was excessive, and we were disturbed throughout the night by loud noises from other rooms and the hallway.",0
2025-07-19 23:12:56,"I was very disappointed with this hotel. The room was dirty and poorly maintained, and the staff were rude and unhelpful. The noise level was very high, and I did not get a good night's sleep. I would not recommend this hotel to anyone.",0
2025-07-19 23:12:56,"We loved our stay at this hotel. It was clean, comfortable, and the staff were amazing. The location was perfect for exploring the city, and there were plenty of restaurants and shops nearby. We highly recommend this hotel.",1
2025-07-19 23:12:56,"The hotel was overpriced for what it offered. The rooms were basic and lacked amenities, and the service was slow and indifferent. The location was convenient, but that was not enough to compensate for the other shortcomings.",0
2025-07-19 23:12:56,"We had a lovely time at this hotel. The staff were welcoming and accommodating, and the rooms were clean and comfortable. The breakfast was included and was a great start to the day. We would happily stay here again.",1
2025-07-19 23:12:56,"The hotel was in a great location, but that's where the positives end. The rooms were outdated and in need of repair, and the noise from the street was unbearable. The staff were unhelpful, and the breakfast was terrible. I would not recommend this hotel.",0
2025-07-19 23:12:56,"This hotel was a disappointment. The cleanliness of the room was subpar, and the amenities were lacking. The customer service was poor, and the staff were unhelpful and unfriendly. I would not recommend this hotel.",0
2025-07-19 23:12:56,"The hotel was a bit outdated and could use some renovations. The rooms were small and cramped, and the noise level was quite high. While the staff were polite, the service was slow and inefficient.",0
2025-07-19 23:12:56,"The staff were incredibly friendly and helpful, always going the extra mile to ensure our stay was comfortable. The rooms were clean and well-maintained, and the hotel's location was perfect for exploring the city. Breakfast was delicious with a wide variety of options.",1
2025-07-19 23:12:56,"Our stay was perfect! The hotel was beautiful and luxurious, the service was top-notch, and the food was delicious. We especially enjoyed the spa and fitness center. We would definitely stay here again.",1
2025-07-19 23:12:56,"I had a wonderful stay at this hotel. The pool area was fantastic, and the rooms were spacious and well-equipped. The hotel is also conveniently located near many restaurants and shops. I would definitely recommend this hotel to others.",1
2025-07-19 23:13:04,"The hotel was in a great location, close to all the major attractions. The staff were friendly and helpful, and the rooms were clean and comfortable. I would definitely stay here again.",1
2025-07-19 23:13:04,"I had a wonderful stay at this hotel. The staff were incredibly accommodating, always willing to assist with any requests. The breakfast was delicious and the room was impeccably clean and well-maintained. I highly recommend this hotel to anyone visiting.",1
2025-07-19 23:13:04,"My recent stay at this hotel was unfortunately disappointing. The room was not well-maintained, with noticeable stains on the carpet and a malfunctioning air conditioner. The service was also slow and inattentive.",0
2025-07-19 23:13:04,"This hotel exceeded my expectations. From the moment I arrived, I was greeted with exceptional service. The staff were knowledgeable, friendly, and always ready to assist. The hotel facilities were top-notch, including a well-equipped gym and a relaxing spa.",1
2025-07-19 23:13:04,"The hotel's location was ideal, allowing easy access to both public transportation and local attractions. However, the room itself was quite small and lacked sufficient storage space. The noise level from the street was also bothersome at times.",0
2025-07-19 23:13:04,"The hotel was adequate for a short stay, but not exceptional. The room was basic but clean, and the location was convenient. However, the service was inconsistent, and there were occasional issues with cleanliness.",0
2025-07-19 23:13:04,This hotel offered a fantastic value for the price. The room was surprisingly spacious and well-equipped for the cost. The breakfast was simple but satisfactory. The hotel's location was also convenient for exploring the city.,1
2025-07-19 23:13:04,"While the hotel boasted a desirable location, the overall experience was marred by poor soundproofing. Noise from neighboring rooms and the hallway significantly disrupted my sleep. The Wi-Fi connection was also unreliable, frequently dropping throughout my stay.",0
2025-07-19 23:13:04,I was thoroughly impressed with this hotel. The staff's professionalism and attention to detail were truly remarkable. The hotel's elegant design and luxurious amenities created a memorable and enjoyable experience.,1
2025-07-19 23:13:04,"The hotel offered a comfortable and convenient stay. The room was spacious and clean, with all the necessary amenities. The breakfast buffet was a highlight, featuring a wide variety of fresh and delicious options. I appreciated the hotel's proximity to shops and restaurants.",1
2025-07-19 23:13:11,"The hotel was okay, nothing special. The room was clean but basic. The location was convenient, but there wasn't much to do nearby. The staff were friendly enough, but not particularly helpful. Overall, it was an average stay.",0
2025-07-19 23:13:11,"The hotel was in a great location, close to shops and restaurants. The staff were friendly and helpful, always willing to assist with any requests. The rooms were clean and comfortable, although a bit small. Breakfast was included and offered a good variety of options. I would definitely recommend this hotel for a city break.",1
2025-07-19 23:13:11,"I had a terrible experience at this hotel. The room was dirty and smelled musty. The air conditioning didn't work properly, and the noise from the street kept me awake all night. The staff were unhelpful and unfriendly. I would not recommend this hotel to anyone.",0
2025-07-19 23:13:11,"This hotel exceeded my expectations. The staff were incredibly welcoming and accommodating. The room was spacious and well-appointed, with a comfortable bed and a modern bathroom. The hotel's amenities, including the pool and spa, were top-notch. I would definitely stay here again.",1
2025-07-19 23:13:11,"I loved this hotel! The location was perfect, right in the heart of the city. The staff were incredibly helpful and friendly, always going the extra mile. The room was stunning, with a beautiful view of the city. I highly recommend this hotel!",1
2025-07-19 23:13:11,"My stay at this hotel was disappointing. The room was small and cramped, and the bathroom was outdated. The breakfast was mediocre, with limited options. The hotel's Wi-Fi was unreliable, and the noise level was excessive. I would not stay here again.",0
2025-07-19 23:13:11,"This hotel is a hidden gem. It's located in a quiet neighborhood, yet it's just a short walk from the main attractions. The staff were attentive and professional. The room was clean and well-maintained, with all the necessary amenities. I highly recommend this hotel to anyone looking for a peaceful and comfortable stay.",1
2025-07-19 23:13:11,"I had a mixed experience at this hotel. The room was nice, but the service was slow and inconsistent. Some staff members were friendly, while others were indifferent. The breakfast was good, but the Wi-Fi was unreliable. Overall, it was an average stay.",0
2025-07-19 23:13:11,"This hotel is fantastic! The location is unbeatable, with easy access to everything. The staff were exceptional, always happy to help. The rooms were clean, spacious and well-decorated. The hotel's amenities were also top-notch. I would definitely stay here again.",1
2025-07-19 23:13:11,"I wouldn't recommend this hotel. The room was dirty and poorly maintained. The staff were unhelpful and unfriendly. The hotel's amenities were outdated and in need of repair. The location was also inconvenient, far from the main attractions. Overall, it was a terrible stay.",0
2025-07-19 23:14:01,"I had a wonderful stay at this hotel. The staff were friendly and professional, the room was spacious and well-appointed, and the breakfast was outstanding. The hotel's location was perfect, within walking distance of many attractions.",1
2025-07-19 23:14:01,"The hotel was a great value for the price. The staff were friendly and helpful, and the room was clean and comfortable. The location was also very convenient, close to many restaurants and shops.",1
2025-07-19 23:14:01,"I was very disappointed with my stay at this hotel. The room was small and cramped, and the bathroom was dirty. The staff were also unhelpful and unfriendly.",0
2025-07-19 23:14:01,"This hotel is a hidden gem! The staff were incredibly welcoming and accommodating, going above and beyond to make our stay special. The rooms were beautifully decorated and well-maintained, and the breakfast was delicious.",1
2025-07-19 23:14:01,"The hotel was okay, but nothing special. The room was clean and comfortable, but it was a bit small. The location was convenient, but the area wasn't very attractive.",0
2025-07-19 23:14:01,"I would not recommend this hotel. The room was dirty and poorly maintained, and the staff were rude and unhelpful. The location was also inconvenient, far from most attractions.",0
2025-07-19 23:14:01,"This hotel is a great choice for business travelers. The rooms are well-equipped with modern amenities, and the staff are efficient and professional. The location is also convenient, close to many businesses and restaurants.",1
2025-07-19 23:14:01,"My stay at this hotel was unpleasant. The room was noisy and uncomfortable, and the service was slow and inefficient. The hotel's location was also not ideal, far from public transportation.",0
2025-07-19 23:14:01,"I had a pleasant stay at this hotel. The room was clean and comfortable, and the staff were friendly and helpful. The location was convenient, within walking distance of many attractions and restaurants.",1
2025-07-19 23:14:01,"This hotel exceeded my expectations. The rooms were beautifully decorated and well-maintained, and the staff were exceptional, providing top-notch service. The hotel's location was also ideal, offering easy access to many attractions.",1
2025-07-19 23:14:08,"I had a terrible experience at this hotel. The room was dirty and poorly maintained, and the staff were unhelpful and unfriendly. The location was inconvenient and far from any major attractions. I would strongly advise against staying at this hotel.",0
2025-07-19 23:14:08,"This hotel is a hidden gem! The staff were incredibly welcoming and made me feel right at home. The rooms were beautifully decorated and well-maintained, with all the modern amenities you could need. The hotel's location was perfect, allowing easy access to both the city's bustling center and its quieter, more residential areas. I would absolutely recommend this hotel to anyone looking for a comfortable and memorable stay.",1
2025-07-19 23:14:08,"The hotel was okay, but I wouldn't stay here again. The rooms were clean and the staff were friendly, but the location was a bit far from the city center. The Wi-Fi was also unreliable, which was a major inconvenience. Overall, it was a decent hotel, but not the best.",0
2025-07-19 23:14:08,"I had a fantastic time staying at this hotel. The staff were amazing, always ready to help with anything I needed. The room was clean, modern, and well-equipped. The breakfast buffet was delicious and had a great variety of options. The location was perfect, within walking distance of many attractions. I would highly recommend this hotel to anyone visiting the city.",1
2025-07-19 23:14:08,"The hotel was a bit overpriced for what it offered. The rooms were clean and comfortable, but the amenities were limited. The location was convenient, but the noise from the street was a bit disruptive at night. Overall, it was a decent stay, but not worth the price.",0
2025-07-19 23:14:08,"The hotel was okay, but nothing special. The rooms were clean, but a bit small. The location was convenient, but the noise from the street was a bit disruptive at night. The staff were friendly, but not particularly helpful.",0
2025-07-19 23:14:08,"I had a wonderful stay at this hotel. The staff were incredibly accommodating, always ready with a smile and helpful suggestions. The breakfast was delicious, with a wide variety of options. The rooms were spacious and well-appointed, and the beds were incredibly comfortable. I will definitely stay here again on my next trip.",1
2025-07-19 23:14:08,"The hotel was in a great location, close to all the major attractions. The staff were friendly and helpful, and the rooms were clean and comfortable. I would definitely recommend this hotel to others.",1
2025-07-19 23:14:08,"This hotel exceeded my expectations! The staff were incredibly friendly and helpful, always going the extra mile to ensure my comfort. The rooms were spacious and well-maintained, and the amenities were top-notch. I especially enjoyed the rooftop pool and bar, which offered stunning city views. I would definitely recommend this hotel to anyone looking for a luxurious and memorable stay.",1
2025-07-19 23:14:08,"I was very disappointed with my stay at this hotel. The room was dirty, the staff were rude, and the location was inconvenient. I would not recommend this hotel to anyone.",0
2025-07-19 23:14:13,I had a terrible experience at this hotel. The room was noisy and uncomfortable. The staff were unhelpful and the breakfast was terrible. I would not recommend this hotel.,0
2025-07-19 23:14:13,"This hotel was a great find! The location was perfect, the staff were friendly and helpful, and the room was clean and comfortable. I would definitely stay here again.",1
2025-07-19 23:14:13,"This is a great hotel for the price. The rooms are basic but clean and comfortable. The location is perfect, close to everything you need. The staff are friendly and helpful.",1
2025-07-19 23:14:13,I would not recommend this hotel. The staff were unfriendly and unhelpful. The room was dirty and the breakfast was awful. The price was also too high for the quality of the hotel.,0
2025-07-19 23:14:13,"The hotel was okay, but nothing special. The rooms were clean but small. The location was convenient, but the hotel itself was a bit noisy. Overall, it was an average experience.",1
2025-07-19 23:14:13,"This hotel was a disaster. The room was dirty, the air conditioning didn't work, and the staff were unhelpful and rude. I would not recommend this hotel to anyone.",0
2025-07-19 23:14:13,"My stay was okay. Nothing special, but it served its purpose. The hotel was clean and the location was convenient. The price was reasonable, but not great.",1
2025-07-19 23:14:13,"Absolutely loved this hotel! The staff were incredible, always happy to help. Breakfast was delicious and the room was spacious and comfortable. Would definitely recommend and stay again.",1
2025-07-19 23:14:13,"The hotel was decent for the price. Location was great, easy walk to the main attractions. However, the room was quite small and the Wi-Fi was unreliable. Staff were friendly and helpful, though.",1
2025-07-19 23:14:13,"The hotel was in a great location, close to restaurants and shops. The staff were very friendly and helpful. The room was clean and comfortable. I would definitely stay here again.",1
2025-07-19 23:14:20,"The hotel was okay, but nothing special. The room was clean but small, and the Wi-Fi was unreliable. The location was a bit far from the main attractions, which required us to take taxis frequently. Overall, it was an average experience.",0
2025-07-19 23:14:20,"I had a terrible experience at this hotel. The room was dirty, the staff was rude and unhelpful, and there were issues with noise throughout the night. I would not recommend this hotel to anyone.",0
2025-07-19 23:14:20,"The hotel was in a great location, but the service was subpar. The staff seemed disinterested, and our requests were often ignored. The room itself was fine, but the overall experience was disappointing.",0
2025-07-19 23:14:20,"Our stay at the Grand Hotel was wonderful! The staff were incredibly friendly and helpful, always going the extra mile to ensure our comfort. The rooms were spacious, clean, and well-appointed, and the hotel's location was perfect for exploring the city. We would definitely stay here again!",1
2025-07-19 23:14:20,"This hotel exceeded our expectations! The staff was amazing, the rooms were luxurious, and the amenities were top-notch. The breakfast buffet was delicious, and the pool area was a relaxing oasis. We loved our stay here and can't wait to return!",1
2025-07-19 23:14:20,"We loved our stay at this hotel! It was clean, comfortable, and conveniently located. The staff was exceptionally helpful and friendly, and the breakfast was a highlight of our stay. We highly recommend this hotel!",1
2025-07-19 23:14:20,"I wouldn't recommend this hotel. The room was outdated and cramped, and the noise from the street was unbearable. The breakfast was also disappointing, with limited options and poor quality.",0
2025-07-19 23:14:20,"This hotel is a hidden gem! It's located in a quiet neighborhood, yet it's within easy reach of the city's attractions. The staff was attentive, the rooms were charming and well-decorated, and the breakfast was delicious. We loved our stay!",1
2025-07-19 23:14:20,"The hotel was average at best. The room was clean, but the decor was dated. The breakfast was okay, but nothing to write home about. Overall, it was a decent stay, but not memorable.",0
2025-07-19 23:14:20,"We had a fantastic time at this hotel! The staff was friendly and accommodating, the room was comfortable and well-maintained, and the hotel had great amenities such as a gym, pool, and spa. We'll definitely stay here again!",1
2025-07-19 23:14:57,"My stay at this hotel was mixed. The location was perfect, close to all the major tourist attractions. The room was clean and comfortable, but a bit noisy due to street traffic. The staff were generally friendly, but some were more helpful than others. The breakfast was decent, but not outstanding. Overall, a satisfactory stay, but not exceptional.",1
2025-07-19 23:14:57,"The hotel was in a great location, easy walking distance to many attractions. The staff were friendly and helpful, always willing to assist with any questions or requests. The rooms were clean and comfortable, although a bit small. Breakfast was delicious with a good variety of options. Overall, a pleasant stay and would recommend.",1
2025-07-19 23:14:57,"The hotel was very disappointing. The room was cramped and poorly maintained, with stained carpets and a malfunctioning air conditioner. The staff were unfriendly and unhelpful, and the breakfast was subpar. The location was the only redeeming quality, but it wasn't enough to make up for the other shortcomings.",0
2025-07-19 23:14:57,"This hotel was a complete disaster. The room was dirty and smelled unpleasant. The staff were rude and unprofessional, and the service was terrible. The breakfast was inedible, and the overall experience was extremely unpleasant. I would strongly advise against staying here.",0
2025-07-19 23:14:57,"I had a wonderful stay at this hotel. The staff were incredibly welcoming and accommodating, always going the extra mile to ensure my comfort. The room was spacious and well-appointed, with a comfortable bed and a stunning view. The hotel amenities were excellent, including a rooftop pool and a fitness center. I would definitely stay here again.",1
2025-07-19 23:14:57,"I had a terrible experience at this hotel. The room was filthy, with stains on the bedding and hair in the bathroom. The staff were unresponsive to my complaints, and the overall condition of the hotel was appalling. I would not recommend this hotel to anyone.",0
2025-07-19 23:14:57,"This hotel was a great value for the price. The room was clean and comfortable, and the location was convenient. The staff were friendly and efficient, and the breakfast was satisfactory. Overall, a good experience and I would recommend this hotel to budget travelers.",1
2025-07-19 23:14:57,"The hotel was okay, nothing special. The room was clean and functional, but lacked character. The staff were polite but not particularly friendly. The breakfast was adequate. Overall, a decent stay, but I wouldn't rush back.",1
2025-07-19 23:14:57,"I was very disappointed with this hotel. The room was small and cramped, and the bathroom was poorly maintained. The staff were unfriendly and unhelpful, and the service was slow. The breakfast was bland and uninspired. The only positive aspect was the location, but it wasn't enough to make up for the other negatives.",0
2025-07-19 23:14:57,"This hotel exceeded my expectations. The room was beautifully decorated and well-equipped, with all the amenities I needed. The staff were attentive and professional, always ready to help. The hotel itself was stunning, with a luxurious atmosphere. The breakfast was a highlight, with a wide range of delicious options. I would highly recommend this hotel to anyone.",1
2025-07-19 23:15:04,"Don't be fooled by the pictures! The hotel looks much nicer online than it actually is. The room was small, cramped, and poorly maintained. The Wi-Fi was unreliable, and the pool was dirty.  I was very disappointed with my stay.",0
2025-07-19 23:15:04,"I wouldn't stay at this hotel again.  The noise level was very high throughout the night, making it hard to sleep. The breakfast was very limited, and the staff was unhelpful when I tried to address the noise issue. Very disappointing experience.",0
2025-07-19 23:15:04,"The hotel was okay, nothing special. The room was clean, but nothing more. The location is a bit far from the city center, but there is public transportation nearby. The breakfast was adequate. Overall, it was just an average stay.",1
2025-07-19 23:15:04,"We had a wonderful time at this hotel.  The staff was amazing, always going above and beyond to help us. The rooms were clean and comfortable, and the amenities were great.  The hotel's location was perfect for exploring the city. Highly recommend!",1
2025-07-19 23:15:04,"My stay was pleasant. The hotel is clean and well-maintained, and the staff is friendly and efficient. The breakfast was a nice touch. It's not a luxury hotel, but it's great value for the money. I'd definitely consider staying here again.",1
2025-07-19 23:15:04,"This hotel is a gem! The staff was incredibly helpful and friendly, going out of their way to make our stay comfortable. The room was well-appointed and clean, and the breakfast was delicious. The hotel is in a perfect location close to many attractions. We will definitely be back!",1
2025-07-19 23:15:04,"This hotel exceeded my expectations! The staff were incredibly friendly and accommodating, the room was spacious and comfortable, and the breakfast was delicious.  The location was perfect, within walking distance of many attractions.  I will definitely stay here again on my next trip.",1
2025-07-19 23:15:04,"Avoid this place! The room was dirty, the air conditioning didn't work, and the staff was incredibly unhelpful.  I complained about the issues, but nothing was done to resolve them.  I would not recommend this hotel to anyone.",0
2025-07-19 23:15:04,"Great location, but the hotel itself is showing its age. The room was clean enough, but the bathroom could use some updating.  The staff was friendly and helpful, though.  Breakfast was a bit underwhelming, but overall, it was a decent stay for the price.",1
2025-07-19 23:15:04,"The hotel is in a convenient location, but the noise level was unbearable.  I could hear everything happening in the hallway and in the rooms next to mine.  The sleep I got was minimal.  I wouldn't stay here again unless they addressed the noise issue.",0
2025-07-19 23:17:23,"Beautiful hotel with stunning views. The rooms were luxurious and well-decorated. The service was impeccable, and the staff were attentive and friendly. The restaurant served delicious food. A truly memorable stay.",1
2025-07-19 23:17:23,"This hotel was a disaster. The room was dirty and smelled awful. The staff were unhelpful and unfriendly. The air conditioning didn't work, and there was a lot of noise throughout the night. I would never stay here again.",0
2025-07-19 23:17:23,"I had a wonderful stay at this hotel. The staff were friendly and efficient, the room was clean and well-maintained, and the location was ideal. The breakfast was delicious, and the hotel amenities were great. I would definitely stay here again.",1
2025-07-19 23:17:23,"The hotel was okay, but nothing special. The room was clean and comfortable enough, but it lacked character. The breakfast was basic, and the location was a bit far from the city center. It was an adequate stay, but I wouldn't rush back.",0
2025-07-19 23:17:23,"The hotel staff were rude and unhelpful. My room was not cleaned properly, and there were issues with the plumbing. The noise levels were unacceptable, and I had a terrible night's sleep. I would not recommend this hotel to anyone.",0
2025-07-19 23:17:23,"This hotel exceeded my expectations! The rooms were spacious and well-appointed, and the hotel amenities were top-notch. The pool area was particularly impressive. The staff were professional and courteous. Highly recommend!",1
2025-07-19 23:17:23,"I was disappointed with my stay. The hotel was outdated and in need of renovation. The air conditioning didn't work properly, and the bathroom was unclean. The service was slow and unhelpful. I wouldn't recommend this hotel.",0
2025-07-19 23:17:23,"Great value for money! The hotel was clean and comfortable, with all the essential amenities. The breakfast was a nice touch. The location was convenient for exploring the city. Would stay here again.",1
2025-07-19 23:17:23,"The location was perfect, within walking distance of many attractions. However, the room was quite small and cramped, and the noise from the street was excessive, making it difficult to sleep. The Wi-Fi was also unreliable.",0
2025-07-19 23:17:23,"The staff were incredibly friendly and helpful, always going the extra mile to ensure our stay was comfortable. The hotel itself was clean, modern, and well-maintained. Breakfast was delicious with plenty of options. Would definitely stay here again!",1
2025-07-19 23:19:55,"Stayed at The Family Fun Hotel with our kids, and it was perfect! The kids' club kept them entertained for hours, and the indoor water park was a blast. Our family suite was spacious and well-equipped. The buffet dinner had plenty of options for everyone. Management clearly understands what families need. Highly recommend for anyone traveling with children.",1
2025-07-19 23:19:55,"So disappointed with The Historic Manor. Advertised as 'charming' and 'boutique,' it was frankly run-down. The antique furniture was falling apart, and there was a persistent musty smell. The elevator was out of order for our entire two-day stay (we were on the 4th floor!). Service was slow, and they tried to overcharge us for mini-bar items we didn't consume. Avoid.",0
2025-07-19 23:19:55,"Fantastic stay at The City Oasis! The staff were incredibly welcoming and helpful from check-in to check-out. The rooftop pool area offered amazing panoramic views and was a great place to relax. My room was bright, modern, and very clean. The hotel is also conveniently located near public transport and many attractions. A true gem in the city!",1
2025-07-19 23:19:55,"Worst night's sleep ever at The Budget Stay. The walls are paper-thin, and I could hear every conversation from the room next door, plus street noise all night. The pillows were lumpy, and the sheets felt scratchy. Parking was a nightmare, and the 'free breakfast' was just stale pastries and bad coffee. Definitely not worth the savings.",0
2025-07-19 23:19:55,"Terrible customer service at The Airport Lodge. Our flight was delayed, and we arrived late, only to be told our 'guaranteed' reservation was cancelled because we didn't show up by 6 PM (a policy not clearly stated anywhere). The front desk agent was unhelpful and unapologetic. Ended up scrambling to find another hotel late at night. Unprofessional and inconsiderate.",0
2025-07-19 23:19:55,"Beware of The Central Towers. Booked a 'deluxe' room only to find it tiny and facing a noisy alley. Construction noise started at 7 AM sharp every morning. The air conditioning barely worked, making the room uncomfortably warm. Staff seemed indifferent to complaints. Overpriced for what you get. Find somewhere else.",0
2025-07-19 23:19:55,"Stayed at the Boutique Retreat for a business trip and was thoroughly impressed. The design is modern yet cozy, and the attention to detail is remarkable. The complimentary evening wine hour in the lobby was a lovely touch, perfect for unwinding. My room was quiet, spacious, and the bed was heavenly. Excellent coffee machine in the room too! Will definitely be back.",1
2025-07-19 23:19:55,"Absolutely dreadful experience at the Downtown Inn. The room smelled of stale cigarette smoke, even though it was marked non-smoking. The carpet was stained, and the bathroom looked like it hadn't been deep cleaned in years â€“ visible mold in the shower grout. Wi-Fi was nonexistent despite promises. Had to chase down towels. Never again.",0
2025-07-19 23:19:55,"Just returned from a fantastic stay at The Grand Plaza. The staff, especially front desk agent Sarah, went above and beyond to make our anniversary special. Our room on the 10th floor had breathtaking city views and was immaculately clean. The bed was incredibly comfortable, and the rainfall shower was a treat. Breakfast buffet was extensive and delicious. Highly recommend this place for a perfect getaway.",1
2025-07-19 23:19:55,"The Lakeside Resort exceeded all expectations! The location right on the lake is stunning, and the private beach was a huge bonus. We enjoyed kayaking and paddleboarding, all available on-site. Our suite had a private balcony with incredible views. The restaurant served gourmet meals, and the spa services were top-notch. Perfect for a relaxing family vacation.",1
2025-07-19 23:21:20,"Had a wonderful stay at The Artisan Hotel. The design is really unique and modern, with cool art installations throughout the lobby. My room was beautifully appointed, very stylish and comfortable. The rooftop bar has amazing views and great cocktails. The staff were attentive without being intrusive, and offered excellent recommendations for local restaurants. The location is excellent, just a short walk to all the main attractions. A truly chic and enjoyable experience!",1
2025-07-19 23:21:20,"Room 402 at the City Centre Hotel was a nightmare. Checked in late, only to find the room hadn't been properly cleaned. There were empty food wrappers under the bed and dust everywhere. The air conditioning unit was broken, blowing only hot air. Called front desk twice, no one showed up to fix it. Ended up having a really uncomfortable, sweaty night. The next morning, no apology, just a bland 'sorry about that'. Unacceptable service.",0
2025-07-19 23:21:20,"Fantastic family vacation at the Sunny Side Up Inn! This place is incredibly family-friendly. They have a fantastic outdoor play area, a heated indoor pool, and even organized activities for the kids every afternoon. Our suite was spacious enough for all of us, and the kitchenette was super handy. The breakfast included was a huge bonus, lots of options for picky eaters. Very clean and well-maintained property. Staff were wonderful with the children. We all had a blast!",1
2025-07-19 23:21:20,"This hotel is a budget nightmare. Chose it for the low price but you definitely get what you pay for, or less. The room was tiny, the bed was like sleeping on a board, and the sheets had stains. Bathroom was communal and often occupied or dirty. Loud guests in the hallway late at night, paper-thin walls. Felt more like a hostel in a bad way. Only positive was it was close to the train station, but I'd rather walk further and sleep better.",0
2025-07-19 23:21:20,"Just finished a week-long stay at The Oceanfront Resort and it was pure bliss! The beachfront location is unbeatable, literally steps from the sand. Our balcony overlooked the ocean, perfect for watching sunsets. The pool area was fantastic, lots of loungers and a great bar. Food options at the resort were varied and delicious. The kids club kept our little ones entertained for hours. Staff were always cheerful and helpful. Already planning our return trip next year!",1
2025-07-19 23:21:20,"The Metropolitan Hotel needs a serious renovation. From the moment we walked in, it felt dated. The lobby furniture was ripped, and the elevators were slow and jerky. Our room had peeling wallpaper and the 'flat screen TV' was ancient. The worst part was the noise - constant street noise because the windows were so thin, and shouting from other rooms. Didn't feel safe or comfortable. For the price, it was a rip-off. Never again.",0
2025-07-19 23:21:20,"Decent hotel for a short business trip. Room was clean enough, standard amenities. Wi-Fi was reliable, which is a big plus. Location is good if you need to be near the convention center. My only real gripe was the air conditioning unit, it was incredibly noisy, made it hard to sleep sometimes. Also, no proper restaurant, just a small cafe which was a bit limited. Overall, it's okay, nothing special but gets the job done.",0
2025-07-19 23:21:20,"Booked the 'Boutique Stay' and it was a complete disappointment. The pictures on the website must be from 10 years ago. Room was tiny, smelled musty, and the carpet had suspicious stains. The bathroom was even worse, mould in the shower and the toilet barely flushed. Complained to reception, but they just shrugged. Didn't even bother with breakfast, just checked out early. Avoid this place if you value cleanliness or customer service.",0
2025-07-19 23:21:20,"Stayed at The Grand Palace for 3 nights last week. Absolutely loved it! The staff were incredibly friendly and helpful, especially the concierge who went above and beyond to book our tours. Our room was spacious, spotless, and had a fantastic view of the city skyline. Beds were super comfy, best sleep I've had in ages. Breakfast buffet was extensive and delicious. Location perfect, right in the heart of everything. Will definitely be back!",1
2025-07-19 23:21:20,"Wow! What a find! The Riverside Inn exceeded all expectations. The charm of this place is unreal, like stepping back in time but with all the modern comforts. Our room was beautifully decorated, the bed was divine, and the antique furniture added such character. The garden area is lovely for a morning coffee. Staff treated us like family, offering local tips and always with a smile. The complimentary afternoon tea was a delightful touch. Highly recommend for a romantic getaway!",1
2025-07-19 23:25:20,"Our stay at The Royal Manor was simply magnificent. From the moment we stepped into the grand lobby, we felt like royalty. The room was incredibly spacious and elegantly furnished, with a huge, comfortable bed and a stunning marble bathroom. The spa facilities were top-notch, and the pool area was serene. Dining at their in-house restaurant was a culinary delight. Every single staff member was attentive, polite, and went out of their way to ensure our comfort. A truly luxurious and memorable experience!",1
2025-07-19 23:25:20,"Fantastic family hotel! The Kids Paradise Resort truly lives up to its name. Our children absolutely loved the massive water park and the daily kids' club activities. The family suite was spacious, clean, and well-equipped with everything we needed. Dining options were varied and catered well to picky eaters. The staff, especially those working with the kids, were energetic and friendly. Plenty of parking and easy access to local attractions. Made our family vacation unforgettable!",1
2025-07-19 23:25:20,"Worst hotel experience in years at The Quiet Retreat. 'Quiet' is a complete misnomer. There was ongoing construction directly outside our window starting at 7 AM every morning, making it impossible to relax. The bed was old and saggy, causing back pain. Breakfast was included, but it was very basic and cold; we ended up eating out after the first day. The hotel generally felt tired and poorly maintained. Staff seemed overwhelmed and unresponsive to complaints. Definitely not worth the money or the headache.",0
2025-07-19 23:25:20,"Terrible experience at The Executive Suites. The check-in process was slow, and our room wasn't ready despite arriving after the designated time. Once we got to the room, we found several maintenance issues: a leaky faucet, a flickering light in the bathroom, and the TV remote didn't work. The 'fitness center' was a joke, with only two old machines. Housekeeping missed our room one day, and when we called, it took hours for someone to come. Overall, a very frustrating and unprofessional stay.",0
2025-07-19 23:25:20,"Absolutely dreadful. Booked a room at The Lodge expecting a pleasant stay, but it was anything but. The entire hotel smelled strongly of stale cigarette smoke, even in our 'non-smoking' room. The Wi-Fi was practically non-existent, making it impossible to work. The bed was incredibly hard and uncomfortable, leading to a terrible night's sleep. To top it off, there were unexpected 'resort fees' added to our bill at checkout that were not disclosed when booking. Felt totally ripped off. Never again.",0
2025-07-19 23:25:20,"What a letdown. Stayed at The Downtowner for a weekend and it was far from ideal. The bathroom had mold in the shower, and the towels felt old and scratchy. The 'complimentary' breakfast was abysmal, just stale pastries and weak coffee. Our room faced a busy street and the windows offered no sound insulation, so sleep was impossible. Parking was a nightmare, and the hotel charged an exorbitant fee for it. Photos online were very misleading. Avoid this place if you value sleep and cleanliness.",0
2025-07-19 23:25:20,"Charming little boutique hotel! The decor was beautiful, and it felt very cozy and welcoming. Our room had a lovely balcony overlooking a quiet street, perfect for morning coffee. The bed was super comfortable with high-quality linens. The complimentary breakfast was a delightful surprise, fresh pastries, fruits, and excellent coffee. The staff went above and beyond to make our stay perfect, always attentive and friendly. Great location too, close to public transport. A real gem!",1
2025-07-19 23:25:20,"Extremely disappointed with our recent stay at City Central Inn. The room was tiny and felt very dated, with noticeable stains on the carpet and a strange musty smell. The air conditioning barely worked, making it uncomfortable to sleep. Noise from outside was constant, and we could hear every conversation from the next room. Service at the front desk was indifferent, almost rude, when we asked about the Wi-Fi which was slow and kept disconnecting. Definitely not worth the price. Look elsewhere.",0
2025-07-19 23:25:20,"Absolutely loved our stay at The Grand View! The room was spotless, very modern with a fantastic view of the city skyline. Beds were incredibly comfortable. Staff at reception were exceptionally helpful, always greeting us with a smile and offering great local recommendations. Location is prime, just a short walk to all major attractions and delicious restaurants. Breakfast buffet had a wide selection, fresh and tasty. Highly recommend for both business and leisure travelers. Will definitely be back!",1
2025-07-19 23:25:20,"Good value for money! The Budget Stay was exactly what we needed for a quick stopover. The room was basic but clean and functional, with a surprisingly comfortable bed. The location was excellent, very close to the train station and within walking distance of several local eateries. Staff were efficient and helpful during check-in and check-out. Don't expect luxury, but if you're looking for a clean, affordable place to sleep, this does the job well. Would consider staying again for short trips.",1
2025-07-19 23:26:00,"quirky but noisy, loved design choices felt different than regular hotel, staff friendly and helpful, bed cozy but room close to elevator heard dinging at night, wifi fast free, great shower pressure, nice touches like bathrobes and goldfish, good stay but request room away from elevators next time",1
2025-07-19 23:26:00,"excellent location, stylish rooms, really nice boutique hotel, loved free coffee in lobby and evening wine social, room decor playful but elegant, everything clean and smelled fresh, concierge helped book great dinner spot nearby, short walk to pike place, slept well despite some street noise, great value",1
2025-07-19 23:26:00,"not what expected, saw reviews thought try something new, decor loud and not relaxing, ac rattled all night couldnâ€™t sleep, staff seemed disinterested check-in, no view just alley and garbage bins, overpriced for what got, probably not stay again",0
2025-07-19 23:26:00,"charming stay with pup, brought our dog along and hotel super pet-friendly, got complimentary treats and bed for pup, room clean with funky colorful decor, loved the robes and big bathroom, front desk friendly gave great food recommendations, quiet at night and bed comfy, great location too, would definitely return",1
2025-07-19 23:26:00,"bad start okay end, arrived late room wasnâ€™t ready had to wait 30 mins, staff apologized gave drink voucher, room itself fine clean decent size, bathroom door didnâ€™t close properly told front desk said theyâ€™d fix but didnâ€™t, wine hour fun met nice people, overall stay improved after rocky start",0
2025-07-19 23:26:00,"fun boutique hotel, first time staying at kimpton monaco and loved funky design, animal print robes super fun, goldfish in room made me smile, room clean though pillows too high for my taste, staff great especially bellman who helped with bags late night, easy access to downtown, would recommend for couples or solo travelers",1
2025-07-19 23:26:00,"mixed feelings, room cute decor but view brick wall, staff helpful during check-in but concierge hard to reach, thermostat confusing too warm night, bathtub large but no bath salts, expected more from 'luxury suite', housekeepers polite but missed cleaning one day, overall not terrible but didnâ€™t meet 4-star expectation",0
2025-07-19 23:26:00,"great hotel downtown gem, really enjoyed stay at monaco, room spacious and clean with lots personality, loved free wine happy hour and pet-friendly vibe, check-in fast and friendly, bed super comfortable slept like baby, only minor complaint was slow elevator morning rush, location canâ€™t beat close to restaurants and attractions, would definitely stay again",1
2025-07-19 23:26:00,"overpriced decent stay, chose monaco based reviews, decor funky stylish, location good near market easy walk shops, room small price paid, ac loud had trouble sleeping, no complimentary breakfast bit surprised, goldfish touch cute didnâ€™t take one, bathroom amenities nice, staff helpful but not overly friendly, overall okay stay but probably look elsewhere value",0
2025-07-19 23:26:00,"pleasant experience minor flaws, stayed monaco couple nights business trip, check-in smooth, staff courteous, room clean nicely styled, loved quirky decor felt fresh not corporate, downside room facing alley bit dark, walls thin heard hallway noise, mattress bit soft woke up mild backache, great water pressure shower, location fantastic walked everywhere, wine hour enjoyable staff very welcoming, would recommend minor noise issues",1
2025-07-20 01:15:57,"Fantastic spa and wellness experience at the Serenity Hotel! From the moment I stepped into the lobby, I felt relaxed. My room was beautifully appointed, with a plush king-size bed and a rainfall shower that was heavenly. I spent hours at the spa, enjoying the sauna, steam room, and a wonderful massage. The hotel restaurant served healthy and delicious options, and the staff were attentive without being intrusive. Perfect for a relaxing getaway to recharge and unwind. I left feeling completely refreshed and rejuvenated. Five stars!",1
2025-07-20 01:15:57,"Avoid at all costs! Booked a two-night stay and regretted it immediately. The hotel is old and poorly maintained. The worst part was the incredibly uncomfortable bed, I woke up with back pain both mornings. The 'heated' pool was freezing cold, completely unusable. The breakfast was very basic, mostly stale pastries and watery coffee. The area felt unsafe at night. Called reception for an extra towel and it never arrived. Extremely disappointing and a waste of money. Needs a major renovation and staff training.",0
2025-07-20 01:15:57,"Customer service was an absolute nightmare. Had an issue with my booking through a third-party site, and the hotel staff refused to help, blaming the booking platform. Spent over an hour on the phone trying to sort it out myself. The room had a broken television, and despite reporting it, no one came to fix it during my 3-day stay. The housekeeping was inconsistent; some days my room wasn't cleaned until late afternoon. No apology or compensation offered for any of the inconveniences. Completely unhelpful and unresponsive management. Never again.",0
2025-07-20 01:15:57,"Charming boutique hotel with a fantastic atmosphere! The decor is unique and stylish, reflecting the local culture. My room was beautifully designed with a comfortable bed and a lovely balcony overlooking a quiet courtyard. The staff, especially the concierge, were incredibly helpful with restaurant recommendations and booking tours. The location in the historic district is perfect for exploring on foot, with many cafes and shops nearby. The personalized service truly made me feel welcome and valued. A gem of a hotel, highly recommend!",1
2025-07-20 01:15:57,"Terrible check-in experience and overall poor service. Arrived at 3 PM for check-in and was told my room wasn't ready, had to wait an hour. When I finally got to the room, the key card didn't work and I had to go back to the front desk twice. The room itself was small and felt cramped. The bathroom amenities were sparse, and the towels were thin and scratchy. The walls are paper-thin, I could hear every conversation from the next room. Not what I expected from a supposedly 4-star hotel. Extremely frustrating stay.",0
2025-07-20 01:15:57,"Stayed at the Lakeside Resort with my family and it was fantastic! The kids absolutely loved the indoor pool and the small arcade. Our family suite was very comfortable and well-maintained. The complimentary breakfast had a great variety, and the pancake machine was a huge hit with the little ones. The resort is right on the lake, offering beautiful views and easy access to walking trails. The staff were all very accommodating and went out of their way to make our stay enjoyable. Great value for money, perfect for a family getaway.",1
2025-07-20 01:15:57,"Very disappointing stay at the City View Hotel. The photos online are completely misleading. The hotel looks dated and tired in person. My room had peeling wallpaper and the air conditioning barely worked, making for an uncomfortable night. The 'fitness center' consisted of two broken treadmills in a tiny room. Parking was a nightmare, extremely limited and expensive. The elevator was slow and felt unsafe. Definitely not worth the premium price, felt more like a budget motel. Look elsewhere for a modern, comfortable stay.",0
2025-07-20 01:15:57,"Horrible experience at the Downtown Inn. Arrived late, and the front desk clerk was incredibly rude, acted like I was bothering her. My room was supposed to be non-smoking, but it smelled heavily of stale cigarettes. The carpet was stained, and the bathroom had mold in the shower. The Wi-Fi was practically non-existent, making it impossible to work. Loud noise from the street all night, and the windows didn't seem to seal properly. Avoid this place if you value cleanliness and a good night's sleep. Total rip-off for the price.",0
2025-07-20 01:15:57,"Absolutely loved my stay at the Grand Plaza Hotel! The staff were incredibly friendly and helpful from the moment I checked in. My room on the 10th floor had a breathtaking view of the city skyline, and it was impeccably clean and spacious. The bed was super comfortable, I slept like a baby. Breakfast buffet was extensive and delicious, catering to all tastes. The location is perfect, right next to the metro station, making it easy to explore. Highly recommend this hotel for both business and leisure travelers. Will definitely be back!",1
2025-07-20 01:15:57,"My go-to hotel for business trips to the capital. The Executive Suites are spacious with a dedicated workspace, perfect for getting work done. The complimentary high-speed internet is reliable, and the in-room coffee machine is a nice touch. The hotel is conveniently located close to the financial district and offers easy access to public transport. The staff are always professional and efficient. The lobby bar is a great spot for a casual meeting or a quiet drink after a long day. Consistently excellent service and facilities.",1
2025-07-20 01:16:10,"Stayed at the Executive Inn for a business trip and it perfectly met my needs. The free high-speed internet was reliable, and the desk in the room was spacious enough for my laptop. The complimentary breakfast was a nice bonus, saving time in the mornings. Convenient location near the office. Good value for a no-frills, efficient stay.",1
2025-07-20 01:16:10,"Stayed at The Grand for a weekend getaway and it was absolutely fantastic! The room was incredibly spacious with a breathtaking city view. Service was impeccable from check-in to check-out. The bed was super comfortable, ensuring a great night's sleep. Location couldn't be better, right in the heart of everything. Highly recommend for anyone looking for a luxurious stay.",1
2025-07-20 01:16:10,"My recent stay at the City Inn was a complete disaster. The construction noise from next door started at 6 AM every morning, making it impossible to sleep. The front desk staff seemed overwhelmed and unhelpful when I complained. The room itself was tiny and felt very dated. Definitely not worth the price. Avoid if you value peace and quiet.",0
2025-07-20 01:16:10,"The breakfast at the Riverside Hotel was the highlight of our trip! So many options, fresh and delicious. The staff, especially in the dining area, were incredibly attentive and friendly. Our room was clean and well-maintained, though the bathroom felt a bit small. Great value for money and a very pleasant experience overall.",1
2025-07-20 01:16:10,"Checked into the Budget Lodge and immediately regretted it. There was a weird, musty smell in the hallway leading to our room, and it lingered inside too. The air conditioning barely worked, making the room uncomfortably warm. The towels looked worn out and the sheets had a few questionable stains. Definitely not returning.",0
2025-07-20 01:16:10,"Loved our family vacation at the Ocean Breeze Resort! The kids absolutely adored the massive pool area with slides. There were plenty of activities organized by the hotel staff, keeping everyone entertained. Our suite was perfect for a family of four, spacious and clean. The beach access was a huge plus. Will definitely be back next year!",1
2025-07-20 01:16:10,"The 'boutique' hotel experience at The Loft was anything but. Parking was a nightmare, and they charged an exorbitant daily fee which wasn't clearly stated when booking. The room had a trendy design but lacked basic amenities like a kettle. The WiFi was spotty at best. Felt like they were cutting corners everywhere. Very disappointed.",0
2025-07-20 01:16:10,"Our stay at the Harmony Suites was incredibly relaxing. The bed was like sleeping on a cloud, and the blackout curtains ensured a perfect night's rest. The room was spotlessly clean and felt very modern. The hotel restaurant had excellent food. It's a bit out of the way but worth it for the peace and quiet. A truly comfortable stay.",1
2025-07-20 01:16:10,"Terrible experience at the Downtown Tower. The check-in process took forever, and there was only one person at the front desk. Our air conditioning unit was broken, and it took maintenance over two hours to even look at it. Ended up having to switch rooms in the middle of the night. Very frustrating and ruined our evening plans.",0
2025-07-20 01:16:10,"The photos of the Grand View Hotel were misleading. Our 'city view' room overlooked an alleyway and a dumpster, not the skyline we expected. The room itself was incredibly small, barely enough space to walk around the bed. The bathroom was tiny and felt cramped. For the price, I expected much more. Quite a letdown.",0
